,x,y,time
0.0,220.0,1179.0,0.03868699073791504
1.0,220.0,1178.0,0.10878705978393555
2.0,220.0,1179.0,0.1623079776763916
3.0,220.0,1179.0,0.2154252529144287
4.0,220.0,1178.0,0.2743349075317383
5.0,221.0,1179.0,0.3244307041168213
6.0,221.0,1178.0,0.3808608055114746
7.0,220.0,1179.0,0.4250826835632324
8.0,221.0,1178.0,0.4724435806274414
9.0,221.0,1178.0,0.5190689563751221
10.0,221.0,1178.0,0.5648403167724609
11.0,220.0,1178.0,0.6089048385620117
12.0,220.0,1178.0,0.655947208404541
13.0,221.0,1178.0,0.7021265029907227
14.0,221.0,1177.0,0.7503354549407959
15.0,221.0,1178.0,0.8104248046875
16.0,221.0,1178.0,0.8575446605682373
17.0,220.0,1178.0,0.9168877601623535
18.0,220.0,1178.0,0.9659543037414551
19.0,221.0,1178.0,1.027015209197998
20.0,220.0,1178.0,1.0844848155975342
21.0,220.0,1178.0,1.13246488571167
22.0,220.0,1177.0,1.1875216960906982
23.0,220.0,1177.0,1.2383661270141602
24.0,220.0,1177.0,1.2844417095184326
25.0,220.0,1176.0,1.3289954662322998
26.0,220.0,1177.0,1.378943920135498
27.0,219.0,1177.0,1.4219567775726318
28.0,220.0,1177.0,1.46834135055542
29.0,220.0,1177.0,1.5153942108154297
30.0,219.0,1176.0,1.563429594039917
31.0,220.0,1176.0,1.607572317123413
32.0,219.0,1176.0,1.6532490253448486
33.0,219.0,1176.0,1.7003772258758545
34.0,219.0,1176.0,1.7454416751861572
35.0,218.0,1176.0,1.7944345474243164
36.0,218.0,1176.0,1.8584182262420654
37.0,218.0,1176.0,1.9184339046478271
38.0,218.0,1176.0,1.9801909923553467
39.0,218.0,1175.0,2.0388259887695312
40.0,217.0,1176.0,2.0828611850738525
41.0,217.0,1176.0,2.127471685409546
42.0,217.0,1175.0,2.178391933441162
43.0,217.0,1175.0,2.2210474014282227
44.0,216.0,1175.0,2.2678701877593994
45.0,216.0,1175.0,2.313441514968872
46.0,216.0,1175.0,2.3624305725097656
47.0,215.0,1175.0,2.405581474304199
48.0,215.0,1175.0,2.452443838119507
49.0,215.0,1175.0,2.4979183673858643
50.0,214.0,1175.0,2.545431613922119
51.0,214.0,1175.0,2.5925488471984863
52.0,213.0,1175.0,2.63569974899292
53.0,213.0,1175.0,2.6808605194091797
54.0,212.0,1176.0,2.73091197013855
55.0,212.0,1175.0,2.787832498550415
56.0,212.0,1175.0,2.8383853435516357
57.0,212.0,1175.0,2.8949086666107178
58.0,211.0,1176.0,2.94580340385437
59.0,211.0,1177.0,2.9884591102600098
60.0,210.0,1176.0,3.0354409217834473
61.0,209.0,1177.0,3.0824697017669678
62.0,208.0,1178.0,3.129668712615967
63.0,208.0,1177.0,3.175300121307373
64.0,208.0,1178.0,3.2199413776397705
65.0,207.0,1178.0,3.265385389328003
66.0,207.0,1179.0,3.3144073486328125
67.0,206.0,1180.0,3.3738749027252197
68.0,205.0,1180.0,3.4193873405456543
69.0,205.0,1180.0,3.4644556045532227
70.0,204.0,1180.0,3.5168468952178955
71.0,204.0,1181.0,3.5714690685272217
72.0,204.0,1181.0,3.618439197540283
73.0,203.0,1181.0,3.662987470626831
74.0,203.0,1181.0,3.714416265487671
75.0,203.0,1182.0,3.772465944290161
76.0,203.0,1183.0,3.821702241897583
77.0,202.0,1183.0,3.8780453205108643
78.0,202.0,1184.0,3.9284024238586426
79.0,202.0,1184.0,3.9852724075317383
80.0,202.0,1185.0,4.0329062938690186
81.0,202.0,1185.0,4.088207721710205
82.0,201.0,1186.0,4.142275810241699
83.0,202.0,1187.0,4.187907695770264
84.0,202.0,1187.0,4.234601020812988
85.0,202.0,1187.0,4.278815507888794
86.0,201.0,1187.0,4.327837228775024
87.0,201.0,1188.0,4.387386322021484
88.0,201.0,1188.0,4.43246054649353
89.0,201.0,1188.0,4.4787843227386475
90.0,201.0,1188.0,4.528892755508423
91.0,201.0,1189.0,4.586399793624878
92.0,201.0,1189.0,4.632403373718262
93.0,202.0,1189.0,4.67940616607666
94.0,202.0,1188.0,4.727339029312134
95.0,202.0,1188.0,4.769498348236084
96.0,203.0,1188.0,4.818166017532349
97.0,202.0,1187.0,4.8629372119903564
98.0,202.0,1187.0,4.911781072616577
99.0,202.0,1187.0,4.971885681152344
100.0,203.0,1187.0,5.016523599624634
101.0,203.0,1188.0,5.066380977630615
102.0,203.0,1189.0,5.127830266952515
103.0,204.0,1191.0,5.184401273727417
104.0,204.0,1194.0,5.231399774551392
105.0,205.0,1196.0,5.28084135055542
106.0,207.0,1200.0,5.340942621231079
107.0,208.0,1204.0,5.385583400726318
108.0,208.0,1208.0,5.430911064147949
109.0,210.0,1212.0,5.477367639541626
110.0,211.0,1218.0,5.523860931396484
111.0,212.0,1224.0,5.568925380706787
112.0,213.0,1230.0,5.616067409515381
113.0,214.0,1237.0,5.661822319030762
114.0,215.0,1243.0,5.7087061405181885
115.0,217.0,1250.0,5.754911661148071
116.0,218.0,1254.0,5.801349878311157
117.0,220.0,1257.0,5.847477436065674
118.0,222.0,1260.0,5.894100904464722
119.0,224.0,1260.0,5.937823295593262
120.0,227.0,1259.0,5.986400365829468
121.0,228.0,1257.0,6.029919862747192
122.0,231.0,1254.0,6.0778961181640625
123.0,233.0,1250.0,6.1239235401153564
124.0,235.0,1245.0,6.1687912940979
125.0,238.0,1239.0,6.21453595161438
126.0,240.0,1236.0,6.262903213500977
127.0,243.0,1232.0,6.307886123657227
128.0,245.0,1230.0,6.354363441467285
129.0,248.0,1229.0,6.399671316146851
130.0,251.0,1229.0,6.4474101066589355
131.0,254.0,1229.0,6.490439176559448
132.0,258.0,1229.0,6.537357568740845
133.0,261.0,1229.0,6.583906173706055
134.0,264.0,1229.0,6.6328816413879395
135.0,267.0,1228.0,6.690824270248413
136.0,269.0,1228.0,6.737415075302124
137.0,272.0,1227.0,6.783401966094971
138.0,276.0,1225.0,6.833347797393799
139.0,279.0,1223.0,6.889292240142822
140.0,281.0,1221.0,6.935858964920044
141.0,284.0,1219.0,6.993757247924805
142.0,286.0,1217.0,7.04742169380188
143.0,289.0,1215.0,7.104926586151123
144.0,292.0,1213.0,7.153894424438477
145.0,296.0,1211.0,7.197076082229614
146.0,299.0,1209.0,7.246395587921143
147.0,302.0,1208.0,7.303426742553711
148.0,305.0,1207.0,7.350425720214844
149.0,308.0,1207.0,7.396365165710449
150.0,312.0,1208.0,7.443916320800781
151.0,316.0,1209.0,7.488531827926636
152.0,320.0,1210.0,7.5344557762146
153.0,325.0,1211.0,7.582342147827148
154.0,329.0,1212.0,7.6290977001190186
155.0,334.0,1213.0,7.6742331981658936
156.0,338.0,1214.0,7.71845555305481
157.0,343.0,1213.0,7.765707492828369
158.0,347.0,1213.0,7.813923597335815
159.0,352.0,1212.0,7.861207485198975
160.0,356.0,1210.0,7.917295932769775
161.0,359.0,1209.0,7.963979721069336
162.0,363.0,1208.0,8.011928081512451
163.0,368.0,1209.0,8.061176300048828
164.0,371.0,1210.0,8.117903470993042
165.0,376.0,1212.0,8.165902853012085
166.0,379.0,1214.0,8.21289587020874
167.0,383.0,1217.0,8.25592827796936
168.0,386.0,1219.0,8.3029465675354
169.0,390.0,1221.0,8.348639249801636
170.0,394.0,1223.0,8.397855520248413
171.0,398.0,1225.0,8.440945386886597
172.0,401.0,1229.0,8.488312244415283
173.0,404.0,1233.0,8.534435510635376
174.0,408.0,1237.0,8.583726644515991
175.0,411.0,1242.0,8.639348030090332
176.0,416.0,1247.0,8.688294410705566
177.0,420.0,1251.0,8.732540607452393
178.0,424.0,1255.0,8.78222107887268
179.0,428.0,1259.0,8.840909004211426
180.0,431.0,1261.0,8.885887145996094
181.0,435.0,1261.0,8.933445930480957
182.0,437.0,1261.0,8.987476825714111
183.0,441.0,1258.0,9.037298679351807
184.0,445.0,1255.0,9.087871551513672
185.0,448.0,1252.0,9.132880210876465
186.0,451.0,1251.0,9.18223786354065
187.0,454.0,1251.0,9.239336252212524
188.0,457.0,1251.0,9.286855936050415
189.0,461.0,1252.0,9.334111452102661
190.0,465.0,1252.0,9.381233215332031
191.0,468.0,1253.0,9.44032597541809
192.0,472.0,1253.0,9.485398292541504
193.0,475.0,1252.0,9.530879497528076
194.0,478.0,1252.0,9.579874515533447
195.0,482.0,1250.0,9.629366636276245
196.0,485.0,1248.0,9.68640661239624
197.0,487.0,1246.0,9.733110189437866
198.0,490.0,1243.0,9.78308653831482
199.0,493.0,1241.0,9.839424133300781
200.0,496.0,1237.0,9.886417627334595
201.0,499.0,1234.0,9.933616161346436
202.0,502.0,1231.0,9.97887396812439
203.0,506.0,1228.0,10.0223388671875
204.0,508.0,1227.0,10.068297863006592
205.0,512.0,1225.0,10.114651918411255
206.0,514.0,1224.0,10.165130853652954
207.0,518.0,1223.0,10.227842569351196
208.0,521.0,1223.0,10.28401231765747
209.0,525.0,1222.0,10.33083200454712
210.0,529.0,1222.0,10.379244565963745
211.0,532.0,1221.0,10.437849521636963
212.0,535.0,1220.0,10.48491382598877
213.0,537.0,1219.0,10.530919790267944
214.0,540.0,1218.0,10.577868223190308
215.0,543.0,1218.0,10.622363328933716
216.0,546.0,1218.0,10.66988468170166
217.0,549.0,1218.0,10.714601993560791
218.0,551.0,1218.0,10.762784957885742
219.0,554.0,1218.0,10.80588984489441
220.0,556.0,1218.0,10.852909803390503
221.0,559.0,1218.0,10.90526795387268
222.0,561.0,1218.0,10.961868047714233
223.0,563.0,1219.0,11.005830764770508
224.0,565.0,1220.0,11.053360223770142
225.0,567.0,1222.0,11.09583854675293
226.0,570.0,1225.0,11.145839214324951
227.0,571.0,1227.0,11.189370393753052
228.0,573.0,1231.0,11.23785948753357
229.0,575.0,1235.0,11.281836032867432
230.0,577.0,1239.0,11.330039739608765
231.0,579.0,1243.0,11.37418246269226
232.0,581.0,1246.0,11.42087721824646
233.0,582.0,1249.0,11.466244220733643
234.0,584.0,1252.0,11.51437520980835
235.0,585.0,1253.0,11.5588698387146
236.0,586.0,1253.0,11.604426860809326
237.0,588.0,1253.0,11.651372909545898
238.0,588.0,1252.0,11.69880747795105
239.0,588.0,1250.0,11.743869066238403
240.0,588.0,1248.0,11.789004802703857
241.0,588.0,1247.0,11.835411071777344
242.0,588.0,1246.0,11.884515047073364
243.0,588.0,1245.0,11.942770719528198
244.0,588.0,1246.0,11.989188432693481
245.0,588.0,1247.0,12.038292407989502
246.0,588.0,1248.0,12.100885152816772
247.0,588.0,1249.0,12.162689208984375
248.0,589.0,1249.0,12.219384670257568
249.0,590.0,1249.0,12.2673921585083
250.0,590.0,1249.0,12.314847469329834
251.0,589.0,1249.0,12.371860980987549
252.0,589.0,1249.0,12.418405771255493
253.0,589.0,1249.0,12.463857889175415
254.0,589.0,1249.0,12.51285696029663
255.0,589.0,1249.0,12.555823564529419
256.0,589.0,1250.0,12.603374719619751
257.0,589.0,1250.0,12.653266668319702
258.0,589.0,1250.0,12.70137906074524
259.0,590.0,1250.0,12.755844116210938
260.0,590.0,1248.0,12.802873849868774
261.0,590.0,1247.0,12.848364353179932
262.0,590.0,1245.0,12.896345138549805
263.0,590.0,1243.0,12.93938159942627
264.0,590.0,1240.0,12.986852884292603
265.0,590.0,1238.0,13.032354354858398
266.0,590.0,1236.0,13.080263376235962
267.0,590.0,1234.0,13.124903202056885
268.0,589.0,1233.0,13.171526670455933
269.0,588.0,1232.0,13.214678525924683
270.0,587.0,1233.0,13.268457174301147
271.0,587.0,1233.0,13.323359251022339
272.0,587.0,1235.0,13.369884014129639
273.0,587.0,1235.0,13.41639757156372
274.0,587.0,1236.0,13.46785569190979
275.0,587.0,1237.0,13.52248501777649
276.0,587.0,1238.0,13.569188117980957
277.0,586.0,1239.0,13.615353107452393
278.0,585.0,1239.0,13.667359828948975
279.0,586.0,1240.0,13.72333288192749
280.0,585.0,1240.0,13.770390748977661
281.0,584.0,1240.0,13.814878463745117
282.0,584.0,1239.0,13.864458560943604
283.0,583.0,1238.0,13.923855781555176
284.0,582.0,1237.0,13.968891143798828
285.0,581.0,1235.0,14.014872550964355
286.0,580.0,1233.0,14.063761234283447
287.0,579.0,1232.0,14.120652198791504
288.0,578.0,1231.0,14.171866655349731
289.0,577.0,1230.0,14.229310512542725
290.0,577.0,1230.0,14.284778833389282
291.0,576.0,1230.0,14.335832357406616
292.0,575.0,1230.0,14.384383916854858
293.0,574.0,1231.0,14.429158926010132
294.0,573.0,1232.0,14.48035740852356
295.0,571.0,1233.0,14.53729772567749
296.0,571.0,1233.0,14.584846496582031
297.0,570.0,1233.0,14.631376504898071
298.0,568.0,1233.0,14.681754112243652
299.0,567.0,1232.0,14.73583698272705
300.0,565.0,1232.0,14.783274412155151
301.0,564.0,1232.0,14.828298091888428
302.0,564.0,1232.0,14.87886118888855
303.0,563.0,1232.0,14.940321922302246
304.0,562.0,1233.0,14.984466314315796
305.0,561.0,1233.0,15.02860975265503
306.0,561.0,1233.0,15.078834295272827
307.0,560.0,1234.0,15.13588809967041
308.0,560.0,1235.0,15.184874057769775
309.0,560.0,1236.0,15.244889259338379
310.0,560.0,1238.0,15.293334722518921
311.0,559.0,1239.0,15.350899696350098
312.0,559.0,1240.0,15.397712469100952
313.0,559.0,1241.0,15.444376230239868
314.0,559.0,1242.0,15.492869138717651
315.0,559.0,1242.0,15.552237033843994
316.0,558.0,1243.0,15.598860502243042
317.0,559.0,1242.0,15.64477014541626
318.0,559.0,1241.0,15.695831775665283
319.0,559.0,1240.0,15.753791570663452
320.0,560.0,1239.0,15.81172513961792
321.0,560.0,1238.0,15.859212398529053
322.0,561.0,1236.0,15.909667491912842
323.0,562.0,1235.0,15.96485686302185
324.0,562.0,1234.0,16.012292861938477
325.0,564.0,1233.0,16.056236028671265
326.0,565.0,1232.0,16.106152772903442
327.0,566.0,1231.0,16.16532254219055
328.0,568.0,1230.0,16.21182608604431
329.0,569.0,1230.0,16.258174419403076
330.0,570.0,1229.0,16.308794498443604
331.0,572.0,1229.0,16.362698554992676
332.0,573.0,1228.0,16.41030263900757
333.0,575.0,1228.0,16.458641529083252
334.0,576.0,1227.0,16.506312608718872
335.0,578.0,1227.0,16.565810203552246
336.0,579.0,1226.0,16.611774444580078
337.0,581.0,1224.0,16.657180070877075
338.0,583.0,1223.0,16.714245080947876
339.0,585.0,1221.0,16.766255140304565
340.0,587.0,1218.0,16.809836864471436
341.0,589.0,1215.0,16.856539249420166
342.0,592.0,1212.0,16.905273914337158
343.0,594.0,1208.0,16.96426796913147
344.0,596.0,1203.0,17.01086950302124
345.0,598.0,1197.0,17.05905532836914
346.0,601.0,1189.0,17.104772329330444
347.0,603.0,1179.0,17.14935851097107
348.0,605.0,1168.0,17.195376873016357
349.0,608.0,1157.0,17.245967626571655
350.0,610.0,1143.0,17.307682514190674
351.0,612.0,1129.0,17.366783618927002
352.0,615.0,1114.0,17.424227237701416
353.0,617.0,1098.0,17.486286878585815
354.0,620.0,1080.0,17.54928421974182
355.0,623.0,1062.0,17.61033797264099
356.0,626.0,1044.0,17.67080783843994
357.0,628.0,1025.0,17.733773469924927
358.0,631.0,1005.0,17.79621195793152
359.0,633.0,986.0,17.85573410987854
360.0,635.0,967.0,17.917690753936768
361.0,638.0,947.0,17.978760957717896
362.0,640.0,928.0,18.041836977005005
363.0,641.0,910.0,18.10384440422058
364.0,643.0,891.0,18.16319513320923
365.0,645.0,872.0,18.22578454017639
366.0,645.0,854.0,18.28652024269104
367.0,647.0,835.0,18.348806619644165
368.0,648.0,817.0,18.40877652168274
369.0,649.0,800.0,18.46977949142456
370.0,649.0,783.0,18.532812118530273
371.0,649.0,767.0,18.59326696395874
372.0,649.0,751.0,18.65436291694641
373.0,649.0,735.0,18.724568128585815
374.0,649.0,720.0,18.77980375289917
375.0,649.0,705.0,18.841699838638306
376.0,649.0,690.0,18.90122079849243
377.0,648.0,675.0,18.961650133132935
378.0,648.0,661.0,19.028281211853027
379.0,648.0,648.0,19.084314823150635
380.0,647.0,635.0,19.145331382751465
381.0,649.0,622.0,19.20707869529724
382.0,649.0,610.0,19.258275508880615
383.0,649.0,598.0,19.314307689666748
384.0,649.0,588.0,19.368773698806763
385.0,649.0,575.0,19.4222674369812
386.0,649.0,565.0,19.472831964492798
387.0,649.0,555.0,19.528666734695435
388.0,649.0,546.0,19.575769424438477
389.0,650.0,538.0,19.622896194458008
390.0,650.0,531.0,19.672311067581177
391.0,650.0,525.0,19.735201835632324
392.0,651.0,519.0,19.792240858078003
393.0,650.0,516.0,19.839224338531494
394.0,651.0,513.0,19.888309955596924
395.0,650.0,510.0,19.94483518600464
396.0,650.0,509.0,19.988978385925293
397.0,650.0,509.0,20.038118362426758
398.0,650.0,510.0,20.086828470230103
399.0,649.0,513.0,20.146819829940796
400.0,650.0,515.0,20.192846298217773
401.0,650.0,519.0,20.2381751537323
402.0,650.0,523.0,20.28807520866394
403.0,651.0,529.0,20.344361543655396
404.0,650.0,535.0,20.39380645751953
405.0,651.0,543.0,20.43940281867981
406.0,650.0,551.0,20.48652410507202
407.0,651.0,560.0,20.543848037719727
408.0,651.0,570.0,20.590017080307007
409.0,651.0,580.0,20.63571786880493
410.0,651.0,590.0,20.684799194335938
411.0,652.0,603.0,20.745265007019043
412.0,652.0,615.0,20.79973793029785
413.0,652.0,628.0,20.852736234664917
414.0,652.0,642.0,20.917715072631836
415.0,652.0,656.0,20.97428846359253
416.0,652.0,672.0,21.034308433532715
417.0,653.0,686.0,21.098289489746094
418.0,652.0,702.0,21.161797046661377
419.0,653.0,718.0,21.220152616500854
420.0,652.0,736.0,21.281327962875366
421.0,652.0,753.0,21.343305349349976
422.0,652.0,771.0,21.416700839996338
423.0,652.0,790.0,21.480220317840576
424.0,652.0,809.0,21.543181657791138
425.0,651.0,829.0,21.60575294494629
426.0,651.0,850.0,21.66761040687561
427.0,651.0,871.0,21.72685742378235
428.0,650.0,893.0,21.792290210723877
429.0,649.0,914.0,21.853240251541138
430.0,648.0,936.0,21.913233518600464
431.0,647.0,959.0,21.973305463790894
432.0,646.0,982.0,22.035439014434814
433.0,644.0,1005.0,22.095755338668823
434.0,643.0,1027.0,22.158790826797485
435.0,641.0,1050.0,22.223272562026978
436.0,639.0,1072.0,22.27931833267212
437.0,637.0,1094.0,22.33338189125061
438.0,635.0,1116.0,22.395381212234497
439.0,633.0,1136.0,22.45721960067749
440.0,631.0,1156.0,22.511751651763916
441.0,629.0,1175.0,22.57121777534485
442.0,627.0,1192.0,22.639169454574585
443.0,625.0,1207.0,22.69624400138855
444.0,623.0,1222.0,22.758260011672974
445.0,621.0,1232.0,22.80726456642151
446.0,620.0,1243.0,22.867276191711426
447.0,618.0,1250.0,22.911278247833252
448.0,617.0,1254.0,22.958779096603394
449.0,615.0,1257.0,23.0023353099823
450.0,614.0,1258.0,23.05220365524292
451.0,612.0,1258.0,23.096348524093628
452.0,611.0,1256.0,23.147248029708862
453.0,608.0,1254.0,23.20282292366028
454.0,607.0,1250.0,23.25270962715149
455.0,606.0,1248.0,23.31132960319519
456.0,604.0,1246.0,23.35944128036499
457.0,602.0,1245.0,23.420071125030518
458.0,600.0,1245.0,23.467265605926514
459.0,599.0,1246.0,23.525793075561523
460.0,598.0,1248.0,23.57276153564453
461.0,597.0,1250.0,23.61778950691223
462.0,597.0,1253.0,23.669735193252563
463.0,596.0,1255.0,23.724735498428345
464.0,595.0,1256.0,23.770281076431274
465.0,594.0,1258.0,23.81827735900879
466.0,594.0,1259.0,23.866713762283325
467.0,593.0,1260.0,23.92872905731201
468.0,593.0,1260.0,23.98609709739685
469.0,593.0,1259.0,24.03191637992859
470.0,591.0,1259.0,24.080214262008667
471.0,591.0,1258.0,24.126772165298462
472.0,590.0,1258.0,24.171295881271362
473.0,590.0,1258.0,24.216960191726685
474.0,588.0,1258.0,24.2646906375885
475.0,588.0,1259.0,24.30910348892212
476.0,587.0,1259.0,24.35615086555481
477.0,587.0,1259.0,24.403303623199463
478.0,586.0,1260.0,24.453896045684814
479.0,586.0,1260.0,24.508182525634766
480.0,585.0,1261.0,24.556270599365234
481.0,585.0,1261.0,24.60221290588379
482.0,585.0,1260.0,24.650520086288452
483.0,584.0,1260.0,24.70884656906128
484.0,584.0,1259.0,24.753968477249146
485.0,584.0,1258.0,24.804243326187134
486.0,583.0,1258.0,24.869713068008423
487.0,584.0,1257.0,24.929614782333374
488.0,583.0,1257.0,24.991655111312866
489.0,583.0,1257.0,25.049872398376465
490.0,582.0,1257.0,25.115546941757202
491.0,582.0,1258.0,25.175599575042725
492.0,582.0,1258.0,25.235612869262695
493.0,583.0,1258.0,25.2976131439209
494.0,583.0,1259.0,25.359535455703735
495.0,583.0,1259.0,25.42060136795044
496.0,583.0,1260.0,25.48412561416626
497.0,584.0,1259.0,25.538426160812378
498.0,585.0,1259.0,25.588778018951416
499.0,586.0,1258.0,25.645079374313354
500.0,586.0,1257.0,25.693800449371338
501.0,587.0,1255.0,25.74340009689331
502.0,589.0,1251.0,25.79054856300354
503.0,590.0,1246.0,25.847174406051636
504.0,592.0,1239.0,25.89280867576599
505.0,593.0,1230.0,25.939634561538696
506.0,596.0,1220.0,25.98675227165222
507.0,597.0,1208.0,26.032127857208252
508.0,599.0,1194.0,26.078787088394165
509.0,601.0,1179.0,26.137710571289062
510.0,603.0,1162.0,26.20176386833191
511.0,605.0,1145.0,26.26064133644104
512.0,607.0,1126.0,26.322728395462036
513.0,609.0,1108.0,26.3870906829834
514.0,612.0,1088.0,26.448580980300903
515.0,614.0,1068.0,26.511708736419678
516.0,616.0,1047.0,26.5692138671875
517.0,618.0,1026.0,26.628788948059082
518.0,619.0,1004.0,26.694244861602783
519.0,622.0,983.0,26.753227472305298
520.0,624.0,961.0,26.814284324645996
521.0,626.0,940.0,26.861899614334106
522.0,627.0,919.0,26.92371940612793
523.0,628.0,898.0,26.98479986190796
524.0,629.0,878.0,27.04569983482361
525.0,630.0,858.0,27.106513500213623
526.0,631.0,839.0,27.17021083831787
527.0,631.0,820.0,27.229657649993896
528.0,631.0,801.0,27.29319977760315
529.0,632.0,782.0,27.354228973388672
530.0,632.0,763.0,27.417248725891113
531.0,632.0,746.0,27.476768493652344
532.0,632.0,730.0,27.53913402557373
533.0,633.0,714.0,27.598684787750244
534.0,633.0,698.0,27.662261247634888
535.0,632.0,682.0,27.721765995025635
536.0,632.0,667.0,27.783061742782593
537.0,632.0,653.0,27.844204425811768
538.0,632.0,640.0,27.90174126625061
539.0,632.0,627.0,27.950209856033325
540.0,633.0,615.0,28.01276731491089
541.0,632.0,604.0,28.058682203292847
542.0,631.0,595.0,28.109227657318115
543.0,632.0,585.0,28.16840362548828
544.0,631.0,578.0,28.213703393936157
545.0,632.0,571.0,28.26076602935791
546.0,631.0,566.0,28.309247493743896
547.0,632.0,561.0,28.367175102233887
548.0,632.0,558.0,28.414278984069824
549.0,631.0,557.0,28.459911108016968
550.0,630.0,556.0,28.527604579925537
551.0,630.0,557.0,28.58163595199585
552.0,630.0,560.0,28.629232168197632
553.0,629.0,563.0,28.67528510093689
554.0,629.0,567.0,28.722063064575195
555.0,629.0,573.0,28.766738891601562
556.0,628.0,579.0,28.81325602531433
557.0,628.0,586.0,28.85977053642273
558.0,628.0,594.0,28.90974497795105
559.0,627.0,603.0,28.966744422912598
560.0,627.0,613.0,29.01123833656311
561.0,627.0,622.0,29.056759119033813
562.0,627.0,633.0,29.106653451919556
563.0,626.0,645.0,29.16769051551819
564.0,625.0,656.0,29.210771322250366
565.0,626.0,670.0,29.27114486694336
566.0,625.0,682.0,29.3187358379364
567.0,624.0,694.0,29.365084409713745
568.0,624.0,707.0,29.428106784820557
569.0,623.0,722.0,29.489396572113037
570.0,622.0,736.0,29.561652898788452
571.0,622.0,750.0,29.625208854675293
572.0,621.0,765.0,29.674179077148438
573.0,621.0,780.0,29.726149320602417
574.0,620.0,796.0,29.783636331558228
575.0,620.0,811.0,29.841716289520264
576.0,619.0,827.0,29.908658742904663
577.0,618.0,844.0,29.96768283843994
578.0,617.0,861.0,30.02522850036621
579.0,616.0,878.0,30.084648370742798
580.0,616.0,895.0,30.148169994354248
581.0,615.0,912.0,30.20858335494995
582.0,614.0,930.0,30.273704528808594
583.0,612.0,948.0,30.333256483078003
584.0,612.0,966.0,30.39574408531189
585.0,610.0,984.0,30.455683708190918
586.0,609.0,1003.0,30.5205819606781
587.0,608.0,1020.0,30.58122968673706
588.0,607.0,1038.0,30.64105725288391
589.0,606.0,1056.0,30.70229935646057
590.0,605.0,1074.0,30.76869797706604
591.0,604.0,1091.0,30.825010538101196
592.0,603.0,1108.0,30.8882257938385
593.0,602.0,1125.0,30.94766664505005
594.0,601.0,1140.0,31.01143217086792
595.0,600.0,1156.0,31.070169687271118
596.0,599.0,1170.0,31.132169485092163
597.0,598.0,1183.0,31.1911404132843
598.0,598.0,1196.0,31.244212865829468
599.0,597.0,1209.0,31.30127453804016
600.0,597.0,1219.0,31.348098278045654
601.0,597.0,1227.0,31.39275336265564
602.0,597.0,1234.0,31.441713094711304
603.0,596.0,1240.0,31.498769998550415
604.0,596.0,1243.0,31.557055950164795
605.0,596.0,1244.0,31.61559534072876
606.0,596.0,1244.0,31.67165756225586
607.0,596.0,1243.0,31.71629810333252
608.0,596.0,1240.0,31.764647483825684
609.0,596.0,1236.0,31.821746110916138
610.0,596.0,1230.0,31.875171184539795
611.0,596.0,1226.0,31.932671546936035
612.0,595.0,1221.0,31.991693019866943
613.0,595.0,1218.0,32.04203772544861
614.0,595.0,1216.0,32.10119557380676
615.0,595.0,1216.0,32.14930820465088
616.0,596.0,1217.0,32.205493450164795
617.0,596.0,1218.0,32.25089454650879
618.0,597.0,1220.0,32.303627252578735
619.0,598.0,1220.0,32.36116099357605
620.0,599.0,1221.0,32.41113543510437
621.0,600.0,1222.0,32.47388219833374
622.0,601.0,1221.0,32.53439450263977
623.0,602.0,1220.0,32.597386598587036
624.0,603.0,1218.0,32.65240263938904
625.0,604.0,1217.0,32.69866490364075
626.0,604.0,1215.0,32.74614071846008
627.0,605.0,1213.0,32.78974366188049
628.0,605.0,1212.0,32.83665680885315
629.0,606.0,1211.0,32.88218569755554
630.0,606.0,1212.0,32.942036390304565
631.0,607.0,1212.0,32.995635747909546
632.0,608.0,1213.0,33.05266451835632
633.0,608.0,1214.0,33.09824204444885
634.0,609.0,1214.0,33.146138429641724
635.0,610.0,1214.0,33.19123411178589
636.0,611.0,1213.0,33.243313789367676
637.0,611.0,1213.0,33.29723119735718
638.0,612.0,1213.0,33.34514617919922
639.0,613.0,1213.0,33.389647006988525
640.0,613.0,1212.0,33.43772649765015
641.0,613.0,1212.0,33.4976122379303
642.0,614.0,1211.0,33.546233892440796
643.0,614.0,1211.0,33.60820508003235
644.0,614.0,1211.0,33.652742862701416
645.0,615.0,1211.0,33.71302890777588
646.0,615.0,1211.0,33.76169157028198
647.0,615.0,1211.0,33.819581747055054
648.0,615.0,1211.0,33.86668157577515
649.0,615.0,1211.0,33.91365027427673
650.0,615.0,1211.0,33.976229190826416
651.0,615.0,1211.0,34.023348808288574
652.0,614.0,1211.0,34.079721212387085
653.0,614.0,1212.0,34.12657070159912
654.0,614.0,1212.0,34.177631855010986
655.0,613.0,1212.0,34.236571311950684
656.0,613.0,1212.0,34.28319549560547
657.0,613.0,1213.0,34.34173035621643
658.0,612.0,1214.0,34.39011859893799
659.0,613.0,1214.0,34.449203968048096
660.0,612.0,1215.0,34.4962112903595
661.0,612.0,1216.0,34.54120397567749
662.0,612.0,1217.0,34.590617179870605
663.0,612.0,1218.0,34.64979338645935
664.0,612.0,1219.0,34.695717096328735
665.0,612.0,1221.0,34.74272847175598
666.0,612.0,1222.0,34.79452729225159
667.0,612.0,1223.0,34.850043296813965
668.0,612.0,1224.0,34.89471459388733
669.0,612.0,1224.0,34.94168043136597
670.0,612.0,1224.0,34.98944902420044
671.0,612.0,1222.0,35.0471715927124
672.0,613.0,1220.0,35.096691370010376
673.0,613.0,1216.0,35.142324924468994
674.0,614.0,1212.0,35.18909764289856
675.0,615.0,1206.0,35.23513650894165
676.0,615.0,1198.0,35.27865791320801
677.0,616.0,1190.0,35.32453179359436
678.0,617.0,1181.0,35.37661099433899
679.0,618.0,1171.0,35.43217349052429
680.0,619.0,1160.0,35.479509115219116
681.0,619.0,1149.0,35.52916765213013
682.0,622.0,1138.0,35.5960648059845
683.0,623.0,1125.0,35.65160608291626
684.0,624.0,1114.0,35.71023201942444
685.0,626.0,1103.0,35.77070665359497
686.0,627.0,1090.0,35.81996774673462
687.0,628.0,1077.0,35.88069200515747
688.0,630.0,1064.0,35.939244985580444
689.0,632.0,1051.0,36.0021333694458
690.0,634.0,1038.0,36.064674377441406
691.0,636.0,1025.0,36.124969482421875
692.0,638.0,1012.0,36.186256885528564
693.0,640.0,998.0,36.247129678726196
694.0,643.0,984.0,36.31013798713684
695.0,645.0,970.0,36.371161699295044
696.0,647.0,955.0,36.43167686462402
697.0,649.0,941.0,36.4904625415802
698.0,651.0,926.0,36.55419945716858
699.0,653.0,911.0,36.61768651008606
700.0,654.0,896.0,36.67869162559509
701.0,657.0,880.0,36.73721480369568
702.0,659.0,865.0,36.80218577384949
703.0,661.0,851.0,36.863097190856934
704.0,663.0,836.0,36.92416763305664
705.0,664.0,821.0,36.98961067199707
706.0,666.0,806.0,37.05053091049194
707.0,669.0,791.0,37.10819101333618
708.0,669.0,776.0,37.1681866645813
709.0,671.0,762.0,37.23021364212036
710.0,673.0,748.0,37.294692039489746
711.0,675.0,735.0,37.35419487953186
712.0,676.0,721.0,37.41568183898926
713.0,677.0,709.0,37.478676319122314
714.0,678.0,695.0,37.54120874404907
715.0,680.0,683.0,37.59971499443054
716.0,682.0,670.0,37.64618444442749
717.0,683.0,658.0,37.69512724876404
718.0,685.0,645.0,37.75467276573181
719.0,685.0,634.0,37.79763960838318
720.0,686.0,623.0,37.84765648841858
721.0,687.0,614.0,37.90708947181702
722.0,688.0,602.0,37.956186294555664
723.0,690.0,592.0,38.013227224349976
724.0,690.0,582.0,38.0606415271759
725.0,691.0,574.0,38.10711646080017
726.0,693.0,565.0,38.1554958820343
727.0,694.0,558.0,38.21364235877991
728.0,695.0,551.0,38.266217947006226
729.0,695.0,546.0,38.32113003730774
730.0,696.0,540.0,38.37069249153137
731.0,697.0,535.0,38.414833784103394
732.0,697.0,531.0,38.46008229255676
733.0,697.0,528.0,38.50619316101074
734.0,698.0,526.0,38.556072473526
735.0,698.0,525.0,38.61268448829651
736.0,698.0,526.0,38.66358160972595
737.0,699.0,527.0,38.72205376625061
738.0,700.0,529.0,38.77213716506958
739.0,700.0,533.0,38.828603744506836
740.0,700.0,537.0,38.87471318244934
741.0,700.0,541.0,38.92218542098999
742.0,701.0,547.0,38.970426082611084
743.0,702.0,554.0,39.030656814575195
744.0,703.0,562.0,39.076656103134155
745.0,704.0,569.0,39.12218737602234
746.0,704.0,577.0,39.169513463974
747.0,705.0,587.0,39.22915601730347
748.0,706.0,597.0,39.27421259880066
749.0,707.0,607.0,39.32111191749573
750.0,707.0,620.0,39.36962676048279
751.0,708.0,630.0,39.43507981300354
752.0,709.0,642.0,39.489314556121826
753.0,710.0,654.0,39.536043882369995
754.0,711.0,667.0,39.584651470184326
755.0,711.0,681.0,39.64161658287048
756.0,712.0,693.0,39.690473794937134
757.0,713.0,707.0,39.73610734939575
758.0,714.0,719.0,39.78414225578308
759.0,714.0,733.0,39.84260606765747
760.0,715.0,747.0,39.904667139053345
761.0,715.0,762.0,39.96592664718628
762.0,716.0,776.0,40.0334837436676
763.0,716.0,791.0,40.0900137424469
764.0,716.0,806.0,40.15019083023071
765.0,717.0,822.0,40.213048696517944
766.0,716.0,838.0,40.27618050575256
767.0,716.0,854.0,40.33561086654663
768.0,716.0,871.0,40.39759087562561
769.0,715.0,888.0,40.45718789100647
770.0,715.0,905.0,40.50976300239563
771.0,713.0,922.0,40.56419396400452
772.0,712.0,940.0,40.626673221588135
773.0,710.0,957.0,40.688671827316284
774.0,709.0,975.0,40.75503325462341
775.0,707.0,992.0,40.810688495635986
776.0,705.0,1010.0,40.872190952301025
777.0,702.0,1027.0,40.93605184555054
778.0,699.0,1045.0,40.99829626083374
779.0,697.0,1062.0,41.0566565990448
780.0,695.0,1079.0,41.119003772735596
781.0,692.0,1097.0,41.173563718795776
782.0,689.0,1113.0,41.229578733444214
783.0,685.0,1130.0,41.29105854034424
784.0,682.0,1146.0,41.350173234939575
785.0,679.0,1162.0,41.410629987716675
786.0,676.0,1178.0,41.47368025779724
787.0,672.0,1191.0,41.517823934555054
788.0,669.0,1204.0,41.57959222793579
789.0,666.0,1215.0,41.62811493873596
790.0,663.0,1223.0,41.69110822677612
791.0,659.0,1233.0,41.750611305236816
792.0,656.0,1237.0,41.79397177696228
793.0,652.0,1242.0,41.840683937072754
794.0,649.0,1244.0,41.89010000228882
795.0,646.0,1244.0,41.9531044960022
796.0,643.0,1243.0,42.009138107299805
797.0,639.0,1241.0,42.05997371673584
798.0,636.0,1237.0,42.12158131599426
799.0,632.0,1232.0,42.177566051483154
800.0,628.0,1226.0,42.22456097602844
801.0,625.0,1221.0,42.272653341293335
802.0,622.0,1216.0,42.32105755805969
803.0,618.0,1214.0,42.36520051956177
804.0,615.0,1214.0,42.41132950782776
805.0,612.0,1216.0,42.457456827163696
806.0,609.0,1219.0,42.504079818725586
807.0,608.0,1223.0,42.56152606010437
808.0,607.0,1224.0,42.612547874450684
809.0,605.0,1227.0,42.67752289772034
810.0,605.0,1228.0,42.74348998069763
811.0,604.0,1229.0,42.810450315475464
812.0,603.0,1230.0,42.859057664871216
813.0,601.0,1230.0,42.91661596298218
814.0,600.0,1230.0,42.96659970283508
815.0,599.0,1229.0,43.02459454536438
816.0,598.0,1227.0,43.08402991294861
817.0,597.0,1227.0,43.1306369304657
818.0,596.0,1227.0,43.18188977241516
819.0,595.0,1227.0,43.24179148674011
820.0,594.0,1228.0,43.289902687072754
821.0,593.0,1229.0,43.33307147026062
822.0,593.0,1229.0,43.382137060165405
823.0,593.0,1229.0,43.42677712440491
824.0,593.0,1229.0,43.487462759017944
825.0,593.0,1229.0,43.53407955169678
826.0,592.0,1229.0,43.58281326293945
827.0,592.0,1229.0,43.647292613983154
828.0,592.0,1229.0,43.705820083618164
829.0,592.0,1229.0,43.765339374542236
830.0,592.0,1229.0,43.829132318496704
831.0,592.0,1228.0,43.88806486129761
832.0,592.0,1228.0,43.9480619430542
833.0,592.0,1228.0,43.99628400802612
834.0,593.0,1228.0,44.05910038948059
835.0,593.0,1228.0,44.118518114089966
836.0,594.0,1227.0,44.16526436805725
837.0,594.0,1227.0,44.22761797904968
838.0,594.0,1227.0,44.2886106967926
839.0,594.0,1227.0,44.346946477890015
840.0,596.0,1226.0,44.39454984664917
841.0,596.0,1226.0,44.441150426864624
842.0,596.0,1226.0,44.490254640579224
843.0,597.0,1225.0,44.54904913902283
844.0,597.0,1225.0,44.60857033729553
845.0,597.0,1225.0,44.65562081336975
846.0,599.0,1225.0,44.703054904937744
847.0,599.0,1224.0,44.76113033294678
848.0,600.0,1223.0,44.8136031627655
849.0,601.0,1223.0,44.86798882484436
850.0,602.0,1221.0,44.918630838394165
851.0,603.0,1219.0,44.97606945037842
852.0,604.0,1216.0,45.023178815841675
853.0,605.0,1211.0,45.0723602771759
854.0,607.0,1206.0,45.13561534881592
855.0,608.0,1198.0,45.191152811050415
856.0,610.0,1188.0,45.238903522491455
857.0,612.0,1177.0,45.2855269908905
858.0,613.0,1165.0,45.35054874420166
859.0,614.0,1152.0,45.406994104385376
860.0,616.0,1136.0,45.4685263633728
861.0,618.0,1120.0,45.53287696838379
862.0,619.0,1103.0,45.594133377075195
863.0,621.0,1085.0,45.65462398529053
864.0,622.0,1067.0,45.71565103530884
865.0,624.0,1049.0,45.774648904800415
866.0,626.0,1031.0,45.83955001831055
867.0,628.0,1012.0,45.89891791343689
868.0,629.0,994.0,45.95942950248718
869.0,632.0,976.0,46.022592544555664
870.0,633.0,959.0,46.088080406188965
871.0,635.0,942.0,46.14850878715515
872.0,637.0,924.0,46.207584619522095
873.0,639.0,907.0,46.26832056045532
874.0,641.0,889.0,46.33204746246338
875.0,642.0,872.0,46.390146255493164
876.0,644.0,856.0,46.45253372192383
877.0,645.0,839.0,46.51412057876587
878.0,646.0,823.0,46.576534032821655
879.0,648.0,807.0,46.637001514434814
880.0,649.0,791.0,46.697855949401855
881.0,650.0,776.0,46.75906229019165
882.0,650.0,761.0,46.826966762542725
883.0,652.0,746.0,46.88658046722412
884.0,653.0,731.0,46.94563436508179
885.0,653.0,716.0,47.009581089019775
886.0,654.0,702.0,47.07753229141235
887.0,655.0,687.0,47.12863254547119
888.0,656.0,674.0,47.190107345581055
889.0,657.0,660.0,47.251697063446045
890.0,658.0,648.0,47.316080808639526
891.0,659.0,636.0,47.37513208389282
892.0,659.0,625.0,47.42408347129822
893.0,660.0,614.0,47.483124017715454
894.0,660.0,604.0,47.533591985702515
895.0,661.0,593.0,47.59012198448181
896.0,661.0,584.0,47.63861012458801
897.0,661.0,575.0,47.69740605354309
898.0,661.0,567.0,47.74609708786011
899.0,661.0,560.0,47.80559039115906
900.0,662.0,552.0,47.85421013832092
901.0,662.0,546.0,47.91606545448303
902.0,662.0,542.0,47.96344065666199
903.0,662.0,537.0,48.02148461341858
904.0,662.0,534.0,48.072346925735474
905.0,662.0,531.0,48.128103733062744
906.0,663.0,530.0,48.177571296691895
907.0,663.0,530.0,48.23553442955017
908.0,664.0,530.0,48.28506898880005
909.0,664.0,532.0,48.33318114280701
910.0,665.0,535.0,48.392985820770264
911.0,665.0,538.0,48.45146298408508
912.0,665.0,543.0,48.49803137779236
913.0,666.0,548.0,48.5573832988739
914.0,666.0,554.0,48.60857796669006
915.0,667.0,561.0,48.66575527191162
916.0,668.0,568.0,48.71344494819641
917.0,668.0,577.0,48.773587703704834
918.0,669.0,585.0,48.828030586242676
919.0,669.0,595.0,48.88158655166626
920.0,669.0,605.0,48.92954397201538
921.0,670.0,615.0,48.986449241638184
922.0,671.0,626.0,49.03603792190552
923.0,671.0,638.0,49.10550403594971
924.0,671.0,649.0,49.158557653427124
925.0,672.0,663.0,49.21799898147583
926.0,672.0,675.0,49.26607418060303
927.0,672.0,688.0,49.31008267402649
928.0,672.0,703.0,49.37197756767273
929.0,672.0,717.0,49.41823101043701
930.0,672.0,731.0,49.48306107521057
931.0,672.0,745.0,49.54158854484558
932.0,672.0,761.0,49.603050231933594
933.0,672.0,776.0,49.66428995132446
934.0,672.0,791.0,49.7275173664093
935.0,672.0,808.0,49.78700828552246
936.0,672.0,824.0,49.84846353530884
937.0,672.0,841.0,49.91147017478943
938.0,672.0,857.0,49.975043535232544
939.0,672.0,874.0,50.0330753326416
940.0,671.0,892.0,50.09406113624573
941.0,671.0,909.0,50.15558075904846
942.0,671.0,927.0,50.22650933265686
943.0,669.0,945.0,50.2795889377594
944.0,669.0,963.0,50.33935809135437
945.0,667.0,981.0,50.403595209121704
946.0,666.0,999.0,50.46603322029114
947.0,665.0,1018.0,50.52402710914612
948.0,663.0,1036.0,50.58652305603027
949.0,662.0,1054.0,50.647061347961426
950.0,660.0,1072.0,50.71033573150635
951.0,659.0,1090.0,50.77306795120239
952.0,657.0,1108.0,50.83233857154846
953.0,654.0,1125.0,50.89454507827759
954.0,653.0,1142.0,50.958826780319214
955.0,651.0,1159.0,51.0198016166687
956.0,649.0,1174.0,51.080808877944946
957.0,647.0,1190.0,51.149752616882324
958.0,645.0,1202.0,51.226136922836304
959.0,644.0,1216.0,51.28069591522217
960.0,642.0,1226.0,51.339460134506226
961.0,640.0,1233.0,51.39154005050659
962.0,638.0,1238.0,51.45006775856018
963.0,636.0,1242.0,51.49718976020813
964.0,635.0,1243.0,51.558045864105225
965.0,633.0,1243.0,51.61953783035278
966.0,631.0,1241.0,51.679818868637085
967.0,629.0,1239.0,51.739405155181885
968.0,627.0,1235.0,51.785494804382324
969.0,625.0,1231.0,51.83359122276306
970.0,624.0,1225.0,51.89581751823425
971.0,622.0,1220.0,51.95656633377075
972.0,621.0,1215.0,52.00269341468811
973.0,620.0,1211.0,52.04783082008362
974.0,618.0,1209.0,52.09532618522644
975.0,617.0,1209.0,52.15503787994385
976.0,616.0,1210.0,52.20640754699707
977.0,616.0,1213.0,52.26646614074707
978.0,615.0,1215.0,52.33044958114624
979.0,615.0,1217.0,52.38848114013672
980.0,616.0,1217.0,52.44800114631653
981.0,616.0,1218.0,52.49512004852295
982.0,617.0,1217.0,52.56059217453003
983.0,616.0,1216.0,52.617196798324585
984.0,615.0,1215.0,52.6645290851593
985.0,614.0,1214.0,52.72258734703064
986.0,614.0,1212.0,52.773032426834106
987.0,613.0,1210.0,52.83203601837158
988.0,612.0,1208.0,52.88262701034546
989.0,611.0,1207.0,52.93421030044556
990.0,610.0,1207.0,52.99472188949585
991.0,609.0,1207.0,53.050769329071045
992.0,609.0,1207.0,53.10800528526306
993.0,608.0,1208.0,53.15455150604248
994.0,608.0,1207.0,53.20253562927246
995.0,607.0,1208.0,53.27294898033142
996.0,606.0,1209.0,53.32502865791321
997.0,606.0,1209.0,53.367610931396484
998.0,606.0,1210.0,53.416911125183105
999.0,605.0,1211.0,53.47744059562683
1000.0,605.0,1211.0,53.52378964424133
1001.0,604.0,1211.0,53.57039213180542
1002.0,604.0,1212.0,53.62048840522766
1003.0,602.0,1214.0,53.676926374435425
1004.0,602.0,1216.0,53.72506809234619
1005.0,601.0,1218.0,53.785563230514526
1006.0,600.0,1220.0,53.834065198898315
1007.0,601.0,1221.0,53.892531394958496
1008.0,600.0,1222.0,53.9395112991333
1009.0,599.0,1223.0,54.003249645233154
1010.0,598.0,1223.0,54.05124092102051
1011.0,597.0,1222.0,54.110962867736816
1012.0,595.0,1222.0,54.17012357711792
1013.0,595.0,1221.0,54.231603384017944
1014.0,594.0,1220.0,54.29448056221008
1015.0,592.0,1220.0,54.352370262145996
1016.0,591.0,1220.0,54.405534744262695
1017.0,590.0,1220.0,54.462077617645264
1018.0,589.0,1220.0,54.510188579559326
1019.0,588.0,1220.0,54.56943321228027
1020.0,587.0,1221.0,54.61704659461975
1021.0,587.0,1221.0,54.67680764198303
1022.0,585.0,1221.0,54.72703003883362
1023.0,585.0,1220.0,54.78700399398804
1024.0,584.0,1220.0,54.84552049636841
1025.0,583.0,1220.0,54.89297080039978
1026.0,583.0,1219.0,54.9444785118103
1027.0,582.0,1220.0,55.00674629211426
1028.0,581.0,1221.0,55.06886577606201
1029.0,580.0,1221.0,55.12873840332031
1030.0,580.0,1221.0,55.198673725128174
1031.0,579.0,1221.0,55.25670552253723
1032.0,578.0,1222.0,55.31443238258362
1033.0,578.0,1224.0,55.37692928314209
1034.0,578.0,1226.0,55.43815469741821
1035.0,577.0,1228.0,55.497878551483154
1036.0,577.0,1230.0,55.55194401741028
1037.0,576.0,1232.0,55.60402321815491
1038.0,575.0,1233.0,55.66697573661804
1039.0,575.0,1234.0,55.724992752075195
1040.0,575.0,1234.0,55.7884726524353
1041.0,574.0,1234.0,55.84948682785034
1042.0,574.0,1234.0,55.91031789779663
1043.0,573.0,1234.0,55.968037843704224
1044.0,573.0,1234.0,56.017035484313965
1045.0,573.0,1234.0,56.07796931266785
1046.0,572.0,1234.0,56.13944697380066
1047.0,572.0,1234.0,56.18654203414917
1048.0,571.0,1234.0,56.24440884590149
1049.0,571.0,1234.0,56.29593515396118
1050.0,570.0,1233.0,56.355950117111206
1051.0,570.0,1233.0,56.415026903152466
1052.0,570.0,1233.0,56.4619505405426
1053.0,571.0,1233.0,56.523518323898315
1054.0,571.0,1234.0,56.587526082992554
1055.0,571.0,1234.0,56.64357328414917
1056.0,571.0,1235.0,56.69004511833191
1057.0,572.0,1235.0,56.737964391708374
1058.0,573.0,1235.0,56.786075830459595
1059.0,573.0,1236.0,56.8460373878479
1060.0,574.0,1236.0,56.90449070930481
1061.0,575.0,1236.0,56.95296049118042
1062.0,576.0,1236.0,57.01502227783203
1063.0,578.0,1234.0,57.077439069747925
1064.0,579.0,1233.0,57.136537313461304
1065.0,581.0,1229.0,57.18295621871948
1066.0,582.0,1225.0,57.23900389671326
1067.0,584.0,1218.0,57.30397939682007
1068.0,587.0,1211.0,57.35705065727234
1069.0,589.0,1202.0,57.420862913131714
1070.0,592.0,1190.0,57.482895374298096
1071.0,594.0,1178.0,57.53985071182251
1072.0,596.0,1164.0,57.60282897949219
1073.0,599.0,1150.0,57.66383695602417
1074.0,602.0,1134.0,57.731996297836304
1075.0,604.0,1117.0,57.79445934295654
1076.0,608.0,1098.0,57.86390924453735
1077.0,611.0,1079.0,57.92397618293762
1078.0,614.0,1060.0,57.990809202194214
1079.0,617.0,1040.0,58.04636216163635
1080.0,621.0,1019.0,58.106992959976196
1081.0,623.0,999.0,58.16603446006775
1082.0,627.0,978.0,58.23042964935303
1083.0,629.0,957.0,58.29301834106445
1084.0,632.0,937.0,58.3576979637146
1085.0,635.0,916.0,58.41931128501892
1086.0,637.0,896.0,58.48279857635498
1087.0,639.0,876.0,58.543806314468384
1088.0,641.0,855.0,58.624265909194946
1089.0,643.0,835.0,58.69237923622131
1090.0,644.0,814.0,58.761820554733276
1091.0,646.0,795.0,58.83326840400696
1092.0,646.0,776.0,58.897411584854126
1093.0,647.0,757.0,58.95638990402222
1094.0,648.0,739.0,59.02216911315918
1095.0,649.0,721.0,59.0846643447876
1096.0,649.0,705.0,59.16138815879822
1097.0,650.0,688.0,59.232935428619385
1098.0,650.0,672.0,59.30234718322754
1099.0,650.0,657.0,59.3655264377594
1100.0,650.0,642.0,59.4373733997345
1101.0,650.0,627.0,59.50547933578491
1102.0,650.0,613.0,59.56847286224365
1103.0,651.0,600.0,59.632901430130005
1104.0,650.0,587.0,59.68795108795166
1105.0,649.0,576.0,59.7357542514801
1106.0,649.0,565.0,59.78343892097473
1107.0,649.0,554.0,59.843995809555054
1108.0,648.0,544.0,59.89855480194092
1109.0,647.0,535.0,59.95199108123779
1110.0,646.0,527.0,60.014981508255005
1111.0,646.0,520.0,60.07682251930237
1112.0,645.0,514.0,60.13725829124451
1113.0,644.0,508.0,60.200249910354614
1114.0,643.0,504.0,60.26197528839111
1115.0,642.0,500.0,60.322633504867554
1116.0,641.0,498.0,60.38413763046265
1117.0,639.0,497.0,60.44648289680481
1118.0,638.0,497.0,60.507949352264404
1119.0,637.0,497.0,60.56641674041748
1120.0,635.0,500.0,60.611910820007324
1121.0,634.0,504.0,60.66101551055908
1122.0,632.0,509.0,60.72030782699585
1123.0,631.0,515.0,60.78192949295044
1124.0,629.0,522.0,60.83514165878296
1125.0,627.0,531.0,60.88997197151184
1126.0,625.0,540.0,60.95551109313965
1127.0,623.0,551.0,61.00560665130615
1128.0,621.0,561.0,61.06319499015808
1129.0,618.0,573.0,61.118717670440674
1130.0,616.0,586.0,61.18493676185608
1131.0,613.0,600.0,61.24196124076843
1132.0,610.0,615.0,61.30441880226135
1133.0,607.0,630.0,61.36600422859192
1134.0,604.0,646.0,61.42899179458618
1135.0,601.0,662.0,61.48797845840454
1136.0,598.0,678.0,61.549073934555054
1137.0,595.0,696.0,61.611517906188965
1138.0,592.0,713.0,61.67789435386658
1139.0,588.0,731.0,61.73788332939148
1140.0,585.0,750.0,61.7950005531311
1141.0,582.0,769.0,61.856403827667236
1142.0,578.0,787.0,61.92179608345032
1143.0,574.0,806.0,61.978875398635864
1144.0,571.0,826.0,62.043405532836914
1145.0,567.0,845.0,62.10247778892517
1146.0,563.0,865.0,62.171462059020996
1147.0,560.0,885.0,62.22443079948425
1148.0,556.0,906.0,62.2876832485199
1149.0,552.0,925.0,62.35146999359131
1150.0,548.0,945.0,62.417940855026245
1151.0,544.0,965.0,62.479342460632324
1152.0,540.0,985.0,62.53390455245972
1153.0,536.0,1005.0,62.59503889083862
1154.0,533.0,1025.0,62.66203951835632
1155.0,529.0,1044.0,62.720086097717285
1156.0,525.0,1063.0,62.78456521034241
1157.0,522.0,1081.0,62.843737840652466
1158.0,518.0,1099.0,62.905314207077026
1159.0,516.0,1115.0,62.96384239196777
1160.0,513.0,1131.0,63.06452965736389
1161.0,510.0,1146.0,63.140416860580444
1162.0,508.0,1161.0,63.232675552368164
1163.0,505.0,1175.0,63.31451106071472
1164.0,503.0,1184.0,63.37948656082153
1165.0,500.0,1193.0,63.44781041145325
1166.0,498.0,1198.0,63.52026963233948
1167.0,496.0,1202.0,63.57581973075867
1168.0,494.0,1204.0,63.630884885787964
1169.0,493.0,1204.0,63.69733762741089
1170.0,491.0,1203.0,63.764771461486816
1171.0,489.0,1200.0,63.83084583282471
1172.0,488.0,1197.0,63.888665199279785
1173.0,487.0,1194.0,63.94987869262695
1174.0,486.0,1192.0,64.01535940170288
1175.0,485.0,1189.0,64.07249402999878
1176.0,484.0,1187.0,64.13687777519226
1177.0,484.0,1186.0,64.20036625862122
1178.0,483.0,1186.0,64.25747632980347
1179.0,483.0,1187.0,64.3174090385437
1180.0,483.0,1188.0,64.36440443992615
1181.0,484.0,1188.0,64.42796921730042
1182.0,485.0,1190.0,64.48989653587341
1183.0,486.0,1190.0,64.546231508255
1184.0,487.0,1190.0,64.59548139572144
1185.0,488.0,1190.0,64.65602231025696
1186.0,488.0,1190.0,64.70742964744568
1187.0,489.0,1189.0,64.76398968696594
1188.0,490.0,1188.0,64.82439756393433
1189.0,490.0,1187.0,64.87253332138062
1190.0,491.0,1186.0,64.9188973903656
1191.0,492.0,1184.0,64.96581363677979
1192.0,493.0,1183.0,65.02737236022949
1193.0,494.0,1181.0,65.08386039733887
1194.0,495.0,1180.0,65.13980293273926
1195.0,496.0,1179.0,65.19892740249634
1196.0,497.0,1179.0,65.25845623016357
1197.0,499.0,1178.0,65.31736278533936
1198.0,500.0,1177.0,65.38477945327759
1199.0,501.0,1177.0,65.4413652420044
1200.0,503.0,1176.0,65.50241947174072
1201.0,503.0,1175.0,65.56003618240356
1202.0,505.0,1174.0,65.61444616317749
1203.0,507.0,1174.0,65.67233347892761
1204.0,508.0,1173.0,65.73116254806519
1205.0,510.0,1173.0,65.77927446365356
1206.0,511.0,1173.0,65.84027600288391
1207.0,513.0,1173.0,65.89988613128662
1208.0,514.0,1172.0,65.9499819278717
1209.0,516.0,1172.0,66.00692057609558
1210.0,518.0,1172.0,66.05887985229492
1211.0,520.0,1172.0,66.11535453796387
1212.0,521.0,1171.0,66.17931008338928
1213.0,524.0,1171.0,66.24325656890869
1214.0,525.0,1170.0,66.30426406860352
1215.0,527.0,1170.0,66.36085081100464
1216.0,529.0,1170.0,66.41196346282959
1217.0,531.0,1170.0,66.46730732917786
1218.0,534.0,1170.0,66.51795411109924
1219.0,536.0,1169.0,66.57496619224548
1220.0,538.0,1169.0,66.62200403213501
1221.0,541.0,1169.0,66.66789126396179
1222.0,543.0,1168.0,66.7199387550354
1223.0,546.0,1168.0,66.77437686920166
1224.0,548.0,1167.0,66.82163190841675
1225.0,550.0,1167.0,66.86775922775269
1226.0,554.0,1167.0,66.91652536392212
1227.0,557.0,1166.0,66.97730803489685
1228.0,559.0,1165.0,67.02244400978088
1229.0,562.0,1163.0,67.07105278968811
1230.0,565.0,1160.0,67.13410663604736
1231.0,568.0,1157.0,67.18890810012817
1232.0,570.0,1153.0,67.2367594242096
1233.0,574.0,1148.0,67.30684113502502
1234.0,577.0,1141.0,67.37429571151733
1235.0,581.0,1133.0,67.43445491790771
1236.0,585.0,1124.0,67.48138189315796
1237.0,588.0,1113.0,67.52771925926208
1238.0,591.0,1100.0,67.59475684165955
1239.0,595.0,1086.0,67.65151739120483
1240.0,599.0,1071.0,67.71184182167053
1241.0,603.0,1054.0,67.77545070648193
1242.0,607.0,1037.0,67.83945226669312
1243.0,610.0,1019.0,67.90286326408386
1244.0,614.0,1001.0,67.9685971736908
1245.0,619.0,983.0,68.03687691688538
1246.0,623.0,965.0,68.10061407089233
1247.0,628.0,946.0,68.15542268753052
1248.0,633.0,928.0,68.22046422958374
1249.0,637.0,909.0,68.28336119651794
1250.0,642.0,891.0,68.34691286087036
1251.0,646.0,873.0,68.40932703018188
1252.0,651.0,855.0,68.46881699562073
1253.0,656.0,837.0,68.52688026428223
1254.0,659.0,819.0,68.59432077407837
1255.0,664.0,802.0,68.64844679832458
1256.0,668.0,784.0,68.7109727859497
1257.0,671.0,767.0,68.77338552474976
1258.0,675.0,750.0,68.83542776107788
1259.0,678.0,733.0,68.89695620536804
1260.0,681.0,717.0,68.95787072181702
1261.0,684.0,701.0,69.01836490631104
1262.0,686.0,686.0,69.0844304561615
1263.0,688.0,671.0,69.1469259262085
1264.0,691.0,656.0,69.20594930648804
1265.0,693.0,641.0,69.26833963394165
1266.0,694.0,627.0,69.33331513404846
1267.0,696.0,613.0,69.3893551826477
1268.0,698.0,600.0,69.45007014274597
1269.0,699.0,584.0,69.51078176498413
1270.0,700.0,572.0,69.55869674682617
1271.0,702.0,562.0,69.61643624305725
1272.0,702.0,551.0,69.66405296325684
1273.0,703.0,541.0,69.71166801452637
1274.0,704.0,532.0,69.77427196502686
1275.0,705.0,523.0,69.8320198059082
1276.0,706.0,514.0,69.87897038459778
1277.0,706.0,507.0,69.92873311042786
1278.0,706.0,501.0,69.99346280097961
1279.0,707.0,496.0,70.04890179634094
1280.0,707.0,492.0,70.1084361076355
1281.0,707.0,489.0,70.1550121307373
1282.0,708.0,487.0,70.20609951019287
1283.0,708.0,487.0,70.26148271560669
1284.0,709.0,487.0,70.30835771560669
1285.0,709.0,489.0,70.35793161392212
1286.0,709.0,492.0,70.41824221611023
1287.0,709.0,496.0,70.4678418636322
1288.0,709.0,501.0,70.52488207817078
1289.0,709.0,507.0,70.58342456817627
1290.0,710.0,513.0,70.6365737915039
1291.0,709.0,522.0,70.6909110546112
1292.0,710.0,531.0,70.73790431022644
1293.0,710.0,541.0,70.78838753700256
1294.0,710.0,550.0,70.84691047668457
1295.0,710.0,559.0,70.89799809455872
1296.0,711.0,572.0,70.95389223098755
1297.0,711.0,583.0,71.01886439323425
1298.0,712.0,595.0,71.07729125022888
1299.0,712.0,607.0,71.12292337417603
1300.0,712.0,620.0,71.168297290802
1301.0,712.0,635.0,71.22931671142578
1302.0,711.0,650.0,71.2933599948883
1303.0,712.0,665.0,71.35342574119568
1304.0,712.0,681.0,71.41435408592224
1305.0,711.0,697.0,71.4768979549408
1306.0,710.0,713.0,71.54313015937805
1307.0,710.0,730.0,71.6048195362091
1308.0,709.0,748.0,71.66135048866272
1309.0,709.0,766.0,71.7203676700592
1310.0,708.0,784.0,71.78432250022888
1311.0,707.0,802.0,71.84441494941711
1312.0,705.0,821.0,71.9061987400055
1313.0,704.0,840.0,71.96892237663269
1314.0,702.0,860.0,72.03335881233215
1315.0,700.0,881.0,72.0908432006836
1316.0,698.0,901.0,72.15191864967346
1317.0,696.0,923.0,72.21181797981262
1318.0,694.0,943.0,72.27773475646973
1319.0,691.0,965.0,72.34124374389648
1320.0,689.0,987.0,72.40017080307007
1321.0,686.0,1008.0,72.45845770835876
1322.0,684.0,1030.0,72.52467179298401
1323.0,681.0,1052.0,72.5852198600769
1324.0,678.0,1074.0,72.64228200912476
1325.0,676.0,1095.0,72.7054169178009
1326.0,674.0,1116.0,72.77041530609131
1327.0,672.0,1135.0,72.82923316955566
1328.0,669.0,1153.0,72.89039421081543
1329.0,667.0,1171.0,72.95120906829834
1330.0,665.0,1182.0,72.99992609024048
1331.0,662.0,1197.0,73.06088495254517
1332.0,661.0,1205.0,73.10782670974731
1333.0,658.0,1213.0,73.16635084152222
1334.0,656.0,1219.0,73.21634221076965
1335.0,654.0,1221.0,73.27343773841858
1336.0,652.0,1223.0,73.32132148742676
1337.0,650.0,1222.0,73.39224863052368
1338.0,648.0,1219.0,73.46020030975342
1339.0,646.0,1214.0,73.53013586997986
1340.0,644.0,1208.0,73.58667945861816
1341.0,642.0,1202.0,73.64341711997986
1342.0,640.0,1194.0,73.69289088249207
1343.0,639.0,1188.0,73.7509253025055
1344.0,637.0,1181.0,73.80796408653259
1345.0,636.0,1175.0,73.86748385429382
1346.0,634.0,1172.0,73.9242193698883
1347.0,632.0,1171.0,73.97988796234131
1348.0,630.0,1175.0,74.02783274650574
1349.0,628.0,1181.0,74.07485818862915
1350.0,626.0,1187.0,74.13634133338928
1351.0,626.0,1193.0,74.19624376296997
1352.0,625.0,1197.0,74.24286270141602
1353.0,624.0,1201.0,74.29097318649292
1354.0,624.0,1202.0,74.35178232192993
1355.0,624.0,1202.0,74.41287183761597
1356.0,623.0,1202.0,74.45949482917786
1357.0,622.0,1201.0,74.51789712905884
1358.0,620.0,1199.0,74.56738948822021
1359.0,619.0,1196.0,74.6268081665039
1360.0,617.0,1194.0,74.67373895645142
1361.0,616.0,1193.0,74.73638153076172
1362.0,614.0,1193.0,74.80279231071472
1363.0,613.0,1194.0,74.8577196598053
1364.0,610.0,1196.0,74.90584015846252
1365.0,610.0,1199.0,74.96436381340027
1366.0,608.0,1202.0,75.01643085479736
1367.0,607.0,1204.0,75.0717887878418
1368.0,606.0,1206.0,75.11842155456543
1369.0,605.0,1207.0,75.16489791870117
1370.0,604.0,1208.0,75.21383452415466
1371.0,603.0,1207.0,75.27438807487488
1372.0,602.0,1206.0,75.33231616020203
1373.0,601.0,1206.0,75.38189101219177
1374.0,600.0,1205.0,75.43278694152832
1375.0,599.0,1204.0,75.48736000061035
1376.0,597.0,1203.0,75.53536581993103
1377.0,596.0,1203.0,75.59530568122864
1378.0,595.0,1204.0,75.64238405227661
1379.0,594.0,1205.0,75.70034742355347
1380.0,592.0,1206.0,75.74983763694763
1381.0,591.0,1207.0,75.81239032745361
1382.0,589.0,1208.0,75.86149430274963
1383.0,588.0,1208.0,75.91831064224243
1384.0,587.0,1207.0,75.9791967868805
1385.0,585.0,1207.0,76.0398542881012
1386.0,583.0,1206.0,76.09127306938171
1387.0,581.0,1204.0,76.14796710014343
1388.0,579.0,1203.0,76.19389128684998
1389.0,577.0,1202.0,76.25881242752075
1390.0,575.0,1202.0,76.31979489326477
1391.0,573.0,1202.0,76.36517524719238
1392.0,571.0,1202.0,76.4253900051117
1393.0,569.0,1203.0,76.48532915115356
1394.0,567.0,1203.0,76.53880405426025
1395.0,565.0,1203.0,76.59240961074829
1396.0,563.0,1203.0,76.63893675804138
1397.0,561.0,1203.0,76.68539309501648
1398.0,559.0,1203.0,76.7364993095398
1399.0,557.0,1202.0,76.79676508903503
1400.0,554.0,1201.0,76.85486149787903
1401.0,552.0,1201.0,76.91679906845093
1402.0,549.0,1201.0,76.98055076599121
1403.0,547.0,1200.0,77.03957176208496
1404.0,544.0,1199.0,77.0853910446167
1405.0,542.0,1199.0,77.1318724155426
1406.0,539.0,1199.0,77.19291138648987
1407.0,536.0,1199.0,77.23965501785278
1408.0,534.0,1198.0,77.29028272628784
1409.0,531.0,1197.0,77.34688639640808
1410.0,528.0,1197.0,77.39438080787659
1411.0,525.0,1196.0,77.45587515830994
1412.0,522.0,1195.0,77.51486921310425
1413.0,519.0,1194.0,77.56636905670166
1414.0,516.0,1193.0,77.62437200546265
1415.0,513.0,1192.0,77.68140721321106
1416.0,510.0,1191.0,77.73236608505249
1417.0,507.0,1191.0,77.77750301361084
1418.0,504.0,1190.0,77.8402829170227
1419.0,501.0,1189.0,77.9008150100708
1420.0,498.0,1188.0,77.96320700645447
1421.0,495.0,1188.0,78.02237868309021
1422.0,493.0,1187.0,78.07234930992126
1423.0,491.0,1186.0,78.12967109680176
1424.0,488.0,1186.0,78.17729306221008
1425.0,486.0,1185.0,78.23844170570374
1426.0,484.0,1185.0,78.29002594947815
1427.0,482.0,1185.0,78.34538245201111
1428.0,480.0,1184.0,78.39426732063293
1429.0,479.0,1184.0,78.45551347732544
1430.0,478.0,1185.0,78.52281975746155
1431.0,476.0,1186.0,78.58084774017334
1432.0,475.0,1186.0,78.6388258934021
1433.0,474.0,1188.0,78.69815301895142
1434.0,473.0,1189.0,78.74885821342468
1435.0,473.0,1189.0,78.80631017684937
1436.0,472.0,1191.0,78.8543791770935
1437.0,471.0,1191.0,78.91608214378357
1438.0,471.0,1192.0,78.9787368774414
1439.0,471.0,1193.0,79.02429842948914
1440.0,470.0,1194.0,79.08287167549133
1441.0,470.0,1194.0,79.13229513168335
1442.0,470.0,1194.0,79.18239116668701
1443.0,469.0,1195.0,79.24017071723938
1444.0,469.0,1196.0,79.29938817024231
1445.0,469.0,1196.0,79.34486484527588
1446.0,469.0,1197.0,79.3963086605072
1447.0,469.0,1197.0,79.4585428237915
1448.0,469.0,1198.0,79.51521277427673
1449.0,469.0,1199.0,79.57588791847229
1450.0,469.0,1200.0,79.63094472885132
1451.0,470.0,1200.0,79.68434381484985
1452.0,470.0,1201.0,79.73146295547485
1453.0,471.0,1201.0,79.78962707519531
1454.0,471.0,1202.0,79.84029507637024
1455.0,472.0,1203.0,79.89876556396484
1456.0,473.0,1203.0,79.94781875610352
1457.0,473.0,1204.0,80.00815415382385
1458.0,474.0,1204.0,80.07125806808472
1459.0,475.0,1204.0,80.13185930252075
1460.0,476.0,1204.0,80.19432210922241
1461.0,477.0,1205.0,80.2553379535675
1462.0,478.0,1206.0,80.30946636199951
1463.0,479.0,1206.0,80.35938739776611
1464.0,480.0,1207.0,80.41297626495361
1465.0,481.0,1208.0,80.46732020378113
1466.0,483.0,1208.0,80.52697777748108
1467.0,485.0,1208.0,80.57878422737122
1468.0,486.0,1209.0,80.64359474182129
1469.0,487.0,1209.0,80.69616985321045
1470.0,488.0,1210.0,80.74676132202148
1471.0,490.0,1211.0,80.80188345909119
1472.0,492.0,1212.0,80.85030698776245
1473.0,495.0,1212.0,80.90382742881775
1474.0,496.0,1212.0,80.96082615852356
1475.0,498.0,1212.0,81.01920413970947
1476.0,500.0,1213.0,81.06678485870361
1477.0,502.0,1213.0,81.12711501121521
1478.0,505.0,1214.0,81.1778211593628
1479.0,507.0,1213.0,81.23687553405762
1480.0,509.0,1213.0,81.29974293708801
1481.0,512.0,1214.0,81.35827469825745
1482.0,514.0,1213.0,81.41008734703064
1483.0,516.0,1213.0,81.47078108787537
1484.0,518.0,1213.0,81.536860704422
1485.0,521.0,1213.0,81.5930106639862
1486.0,523.0,1213.0,81.64806532859802
1487.0,525.0,1213.0,81.69988489151001
1488.0,527.0,1213.0,81.76308965682983
1489.0,529.0,1213.0,81.82941222190857
1490.0,532.0,1213.0,81.89240312576294
1491.0,534.0,1212.0,81.94451475143433
1492.0,536.0,1212.0,82.01072835922241
1493.0,538.0,1211.0,82.0695788860321
1494.0,539.0,1211.0,82.14115977287292
1495.0,541.0,1211.0,82.1946849822998
1496.0,543.0,1210.0,82.2546455860138
1497.0,545.0,1210.0,82.31630158424377
1498.0,546.0,1210.0,82.38522267341614
1499.0,547.0,1209.0,82.43932819366455
1500.0,549.0,1208.0,82.50231575965881
1501.0,549.0,1208.0,82.56303286552429
1502.0,552.0,1207.0,82.63028407096863
1503.0,552.0,1206.0,82.67839527130127
1504.0,553.0,1206.0,82.72829341888428
1505.0,554.0,1205.0,82.78798508644104
1506.0,555.0,1205.0,82.83981895446777
1507.0,555.0,1204.0,82.89833116531372
1508.0,556.0,1204.0,82.94325590133667
1509.0,556.0,1203.0,83.00433826446533
1510.0,557.0,1203.0,83.06732130050659
1511.0,557.0,1202.0,83.11376070976257
1512.0,556.0,1203.0,83.17449569702148
1513.0,556.0,1203.0,83.23523211479187
1514.0,556.0,1202.0,83.30344724655151
1515.0,555.0,1203.0,83.36648797988892
1516.0,554.0,1203.0,83.43405508995056
1517.0,552.0,1204.0,83.48811507225037
1518.0,550.0,1204.0,83.55259418487549
1519.0,548.0,1204.0,83.62253069877625
1520.0,547.0,1205.0,83.68502497673035
1521.0,544.0,1205.0,83.74355268478394
1522.0,541.0,1205.0,83.81100821495056
1523.0,538.0,1206.0,83.87606954574585
1524.0,534.0,1206.0,83.92715716362
1525.0,531.0,1206.0,83.99110984802246
1526.0,527.0,1206.0,84.070969581604
1527.0,522.0,1206.0,84.12818241119385
1528.0,518.0,1206.0,84.19339871406555
1529.0,514.0,1206.0,84.24882006645203
1530.0,509.0,1206.0,84.31181073188782
1531.0,504.0,1206.0,84.35942482948303
1532.0,499.0,1206.0,84.41725707054138
1533.0,495.0,1206.0,84.46380829811096
1534.0,489.0,1205.0,84.52608823776245
1535.0,484.0,1205.0,84.58880710601807
1536.0,479.0,1205.0,84.64831209182739
1537.0,473.0,1206.0,84.70878386497498
1538.0,468.0,1206.0,84.7583212852478
1539.0,462.0,1206.0,84.8184506893158
1540.0,456.0,1206.0,84.87867736816406
1541.0,450.0,1206.0,84.92673945426941
1542.0,445.0,1207.0,84.9773325920105
1543.0,439.0,1207.0,85.03026509284973
1544.0,433.0,1208.0,85.08135294914246
1545.0,426.0,1209.0,85.1289689540863
1546.0,420.0,1210.0,85.17927050590515
1547.0,414.0,1211.0,85.23432540893555
1548.0,408.0,1213.0,85.29716897010803
1549.0,402.0,1213.0,85.35819602012634
1550.0,395.0,1214.0,85.42312502861023
1551.0,388.0,1214.0,85.48363661766052
1552.0,381.0,1214.0,85.54468154907227
1553.0,373.0,1215.0,85.60767340660095
1554.0,366.0,1215.0,85.6681399345398
1555.0,358.0,1215.0,85.72420692443848
1556.0,351.0,1215.0,85.76934266090393
1557.0,343.0,1215.0,85.81943941116333
1558.0,335.0,1215.0,85.87873482704163
1559.0,327.0,1216.0,85.92585587501526
1560.0,318.0,1217.0,85.98351740837097
1561.0,311.0,1218.0,86.02935314178467
1562.0,302.0,1220.0,86.07815027236938
1563.0,294.0,1222.0,86.13724517822266
1564.0,286.0,1224.0,86.18309736251831
1565.0,279.0,1225.0,86.22882771492004
1566.0,271.0,1227.0,86.27866435050964
1567.0,263.0,1229.0,86.33713841438293
1568.0,256.0,1231.0,86.38334012031555
1569.0,249.0,1233.0,86.42884922027588
1570.0,242.0,1234.0,86.48350882530212
1571.0,235.0,1236.0,86.53767538070679
1572.0,228.0,1238.0,86.58433389663696
1573.0,222.0,1240.0,86.6314537525177
1574.0,216.0,1241.0,86.6952817440033
1575.0,211.0,1242.0,86.75381588935852
1576.0,205.0,1243.0,86.81277680397034
1577.0,200.0,1244.0,86.86031603813171
1578.0,195.0,1245.0,86.9131875038147
1579.0,190.0,1245.0,86.96880459785461
1580.0,186.0,1246.0,87.02755665779114
1581.0,182.0,1246.0,87.07333970069885
1582.0,178.0,1246.0,87.12329578399658
1583.0,174.0,1246.0,87.18082809448242
1584.0,171.0,1245.0,87.23023843765259
1585.0,169.0,1244.0,87.28997755050659
1586.0,166.0,1244.0,87.33957695960999
1587.0,163.0,1243.0,87.39662265777588
1588.0,161.0,1242.0,87.44324588775635
1589.0,159.0,1239.0,87.49125671386719
1590.0,157.0,1238.0,87.53936696052551
1591.0,156.0,1236.0,87.59762763977051
1592.0,154.0,1234.0,87.6467182636261
